size,time
100724,0.910924
869821,7.09615
66423,1.46992
96512,0.167367
234176,2.85781
78679,0.927678
21154,0.105148
552775,7.41194
270425,10.6039
167599,16.088
