size,time
13866,0.021353
50515,0.241944
14113,0.017484
7057,0.016009
27917,0.062059
11565,0.015283
3892,0.004143
54573,0.166208
47538,0.073612
41773,0.047721
168114,1.79462
28281,0.024204
