size,time
86858,0.019891
819306,0.225348
52310,0.019124
89455,0.01646
206259,0.067434
67114,0.014271
17262,0.003516
498202,0.153693
222887,0.084261
125826,0.054247
6797557,2.32675
92752,0.030373
