size,time
100724,0.021353
869821,0.241944
66423,0.017484
96512,0.016009
234176,0.062059
78679,0.015283
21154,0.004143
552775,0.166208
270425,0.073612
167599,0.047721
6965671,1.79462
121033,0.024204
