size,time
86858,0.021353
819306,0.241944
52310,0.017484
89455,0.016009
206259,0.062059
67114,0.015283
17262,0.004143
498202,0.166208
222887,0.073612
125826,0.047721
6797557,1.79462
92752,0.024204
