size,time
13866,0.019798
50515,0.238899
14113,0.017124
7057,0.014969
27917,0.066963
11565,0.016919
3892,0.004168
54573,0.187516
47538,0.089362
41773,0.057493
168114,2.83759
28281,0.038767
