size,time
100724,16.4169
869821,215.18
66423,16.8867
96512,4.08008
234176,65.3877
78679,10.9264
21154,1.21032
