size,time
86858,0.019798
819306,0.238899
52310,0.017124
89455,0.014969
206259,0.066963
67114,0.016919
17262,0.004168
498202,0.187516
222887,0.089362
125826,0.057493
6797557,2.83759
92752,0.038767
