size,time
13866,0.019891
50515,0.225348
14113,0.019124
7057,0.01646
27917,0.067434
11565,0.014271
3892,0.003516
54573,0.153693
47538,0.084261
41773,0.054247
168114,2.32675
28281,0.030373
