size,time
13866,0.910924
50515,7.09615
14113,1.46992
7057,0.167367
27917,2.85781
11565,0.927678
3892,0.105148
54573,7.41194
47538,10.6039
41773,16.088
