size,time
86858,16.7685
819306,222.616
52310,17.0288
89455,4.23895
206259,72.2926
67114,11.3277
17262,1.27988
