size,time
100724,0.019798
869821,0.238899
66423,0.017124
96512,0.014969
234176,0.066963
78679,0.016919
21154,0.004168
552775,0.187516
270425,0.089362
167599,0.057493
6965671,2.83759
121033,0.038767
