size,time
86858,0.910924
819306,7.09615
52310,1.46992
89455,0.167367
206259,2.85781
67114,0.927678
17262,0.105148
498202,7.41194
222887,10.6039
125826,16.088
