size,time
100724,0.019891
869821,0.225348
66423,0.019124
96512,0.01646
234176,0.067434
78679,0.014271
21154,0.003516
552775,0.153693
270425,0.084261
167599,0.054247
6965671,2.32675
121033,0.030373
