size,time
13866,16.6212
50515,217.216
14113,16.5226
7057,4.05347
27917,64.2576
11565,10.9772
3892,1.21156
